{
    "keep": {
        "days": true,
        "amount": 7
    },
    "auditLog": "logs\\.792e708dd26a385ce79b83df951a9701412f34e9-audit.json",
    "files": [
        {
            "date": 1638418191332,
            "name": "logs\\appLogs2021-12-02.log",
            "hash": "9123bc6d621bfe1b34b1ff7dacec84ac"
        },
        {
            "date": 1638762792865,
            "name": "logs\\appLogs2021-12-06.log",
            "hash": "5bcec0b5a685a4e7b0294a3c9c849594"
        },
        {
            "date": 1638857627711,
            "name": "logs\\appLogs2021-12-07.log",
            "hash": "94b2d2205e1b952e7b17793ab230da6d"
        }
    ]
}